Success,2,0,0,201,"""22222222222222222222"""
Success,0,0,0,401,"""00000000000000000000"""
Success,2,1,0,201,"""22222222222222222222"""
Success,0,1,0,201,"""00000000000000000000"""
Success,2,2,0,202,"""22222222222222222222"""
Success,0,2,0,202,"""00000000000000000000"""
Success,2,3,0,202,"""22222222222222222222"""
Success,0,3,0,201,"""00000000000000000000"""
Success,2,4,0,201,"""22222222222222222222"""
Success,0,4,0,202,"""00000000000000000000"""
Success,2,5,0,202,"""22222222222222222222"""
Success,0,5,0,201,"""00000000000000000000"""
Success,2,6,0,201,"""22222222222222222222"""
Success,0,6,0,202,"""00000000000000000000"""
Success,2,7,0,201,"""22222222222222222222"""
Success,0,7,0,201,"""00000000000000000000"""
Success,2,8,0,200,"""22222222222222222222"""
Success,0,8,0,201,"""00000000000000000000"""
Success,2,9,0,201,"""22222222222222222222"""
Success,0,9,0,202,"""00000000000000000000"""
Success,2,10,0,201,"""22222222222222222222"""
Success,0,10,0,201,"""00000000000000000000"""
Success,2,11,0,201,"""22222222222222222222"""
Success,0,11,0,201,"""00000000000000000000"""
Success,2,12,0,202,"""22222222222222222222"""
Success,0,12,0,202,"""00000000000000000000"""
Success,2,13,0,201,"""22222222222222222222"""
Success,0,13,0,201,"""00000000000000000000"""
Success,2,14,0,200,"""22222222222222222222"""
Success,0,14,0,202,"""00000000000000000000"""
Success,2,15,0,202,"""22222222222222222222"""
Success,0,15,0,201,"""00000000000000000000"""
Success,2,16,0,201,"""22222222222222222222"""
Success,0,16,0,200,"""00000000000000000000"""
Success,2,17,0,202,"""22222222222222222222"""
Success,0,17,0,201,"""00000000000000000000"""
Success,2,18,0,201,"""22222222222222222222"""
Success,0,18,0,201,"""00000000000000000000"""
Success,2,19,0,202,"""22222222222222222222"""
Success,0,19,0,201,"""00000000000000000000"""
Success,2,20,0,201,"""22222222222222222222"""
Success,0,20,0,203,"""00000000000000000000"""
Success,2,21,0,201,"""22222222222222222222"""
Success,0,21,0,201,"""00000000000000000000"""
Success,2,22,0,201,"""22222222222222222222"""
Success,0,22,0,202,"""00000000000000000000"""
Success,2,23,0,201,"""22222222222222222222"""
Success,0,23,0,202,"""00000000000000000000"""
Success,2,24,0,201,"""22222222222222222222"""
Success,0,24,0,200,"""00000000000000000000"""
